{
  "meta": {
    "data_version": 0.9,
    "created": "2011-04-29",
    "revision": 3
  },
  "info": {
    "city": "Mumbai",
    "competition": "IPL",
    "dates": [
      "2010-03-25"
    ],
    "gender": "male",
    "match_type": "T20",
    "outcome": {
      "winner": "Mumbai Indians",
      "by": {
        "wickets": 5
      }
    },
    "overs": 20,
    "player_of_match": [
      "SR Tendulkar"
    ],
    "teams": [
      "Chennai Super Kings",
      "Mumbai Indians"
    ],
    "toss": {
      "decision": "field",
      "winner": "Mumbai Indians"
    },
    "umpires": [
      "AM Saheba",
      "BF Bowden"
    ],
    "venue": "Brabourne Stadium, Mumbai"
  },
  "innings": [
    {
      "1st innings": {
        "team": "Chennai Super Kings",
        "deliveries": [
          {
            "0.1": {
              "non_striker": "ML Hayden",
              "bowler": "R McLaren",
              "runs": {
                "extras": 0,
                "total": 1,
                "batsman": 1
              },
              "batsman": "PA Patel"
            }
          },
          {
            "0.2": {
              "non_striker": "PA Patel",
              "bowler": "R McLaren",
              "runs": {
                "extras": 1,
                "total": 1,
                "batsman": 0
              },
              "extras": {
                "wides": 1
              },
              "batsman": "ML Hayden"
            }
          },
          {
            "0.3": {
              "non_striker": "PA Patel",
              "bowler": "R McLaren",
              "runs": {
                "extras": 0,
                "total": 1,
                "batsman": 1
              },
              "batsman": "ML Hayden"
            }
          },
          {
            "0.4": {
              "non_striker": "ML Hayden",
              "bowler": "R McLaren",
              "runs": {
                "extras": 0,
                "total": 0,
                "batsman": 0
              },
              "batsman": "PA Patel"
            }
          },
          {
            "0.5": {
              "non_striker": "ML Hayden",
              "bowler": "R McLaren",
              "runs": {
                "extras": 0,
                "total": 0,
                "batsman": 0
              },
              "batsman": "PA Patel"
            }
          },
          {
            "0.6": {
              "non_striker": "ML Hayden",
              "bowler": "R McLaren",
              "runs": {
                "extras": 0,
                "total": 2,
                "batsman": 2
              },
              "batsman": "PA Patel"
            }
          },
          {
            "0.7": {
              "non_striker": "ML Hayden",
              "bowler": "R McLaren",
              "runs": {
                "extras": 0,
                "total": 0,
                "batsman": 0
              },
              "batsman": "PA Patel"
            }
          },
          {
            "1.1": {
              "non_striker": "PA Patel",
              "bowler": "Z Khan",
              "runs": {
                "extras": 1,
                "total": 1,
                "batsman": 0
              },
              "extras": {
                "wides": 1
              },
              "batsman": "ML Hayden"
            }
          },
          {
            "1.2": {
              "non_striker": "PA Patel",
              "bowler": "Z Khan",
              "runs": {
                "extras": 0,
                "total": 0,
                "batsman": 0
              },
              "batsman": "ML Hayden"
            }
          },
          {
            "1.3": {
              "non_striker": "PA Patel",
              "bowler": "Z Khan",
              "runs": {
                "extras": 0,
                "total": 4,
                "batsman": 4
              },
              "batsman": "ML Hayden"
            }
          },
          {
            "1.4": {
              "non_striker": "PA Patel",
              "bowler": "Z Khan",
              "runs": {
                "extras": 0,
                "total": 4,
                "batsman": 4
              },
              "batsman": "ML Hayden"
            }
          },
          {
            "1.5": {
              "non_striker": "PA Patel",
              "bowler": "Z Khan",
              "runs": {
                "extras": 0,
                "total": 4,
                "batsman": 4
              },
              "batsman": "ML Hayden"
            }
          },
          {
            "1.6": {
              "non_striker": "PA Patel",
              "bowler": "Z Khan",
              "runs": {
                "extras": 0,
                "total": 4,
                "batsman": 4
              },
              "batsman": "ML Hayden"
            }
          },
          {
            "1.7": {
              "non_striker": "PA Patel",
              "bowler": "Z Khan",
              "runs": {
                "extras": 0,
                "total": 0,
                "batsman": 0
              },
              "batsman": "ML Hayden"
            }
          },
          {
            "2.1": {
              "non_striker": "ML Hayden",
              "bowler": "R McLaren",
              "runs": {
                "extras": 0,
                "total": 0,
                "batsman": 0
              },
              "batsman": "PA Patel"
            }
          },
          {
            "2.2": {
              "non_striker": "ML Hayden",
              "bowler": "R McLaren",
              "runs": {
                "extras": 1,
                "total": 1,
                "batsman": 0
              },
              "extras": {
                "legbyes": 1
              },
              "batsman": "PA Patel"
            }
          },
          {
            "2.3": {
              "non_striker": "PA Patel",
              "bowler": "R McLaren",
              "runs": {
                "extras": 0,
                "total": 2,
                "batsman": 2
              },
              "batsman": "ML Hayden"
            }
          },
          {
            "2.4": {
              "non_striker": "PA Patel",
              "bowler": "R McLaren",
              "runs": {
                "extras": 0,
                "total": 0,
                "batsman": 0
              },
              "batsman": "ML Hayden"
            }
          },
          {
            "2.5": {
              "non_striker": "PA Patel",
              "bowler": "R McLaren",
              "runs": {
                "extras": 0,
                "total": 1,
                "batsman": 1
              },
              "batsman": "ML Hayden"
            }
          },
          {
            "2.6": {
              "non_striker": "ML Hayden",
              "bowler": "R McLaren",
              "runs": {
                "extras": 1,
                "total": 1,
                "batsman": 0
              },
              "extras": {
                "wides": 1
              },
              "batsman": "PA Patel"
            }
          },
          {
            "2.7": {
              "non_striker": "ML Hayden",
              "bowler": "R McLaren",
              "runs": {
                "extras": 0,
                "total": 4,
                "batsman": 4
              },
              "batsman": "PA Patel"
            }
          },
          {
            "3.1": {
              "non_striker": "PA Patel",
              "bowler": "Harbhajan Singh",
              "runs": {
                "extras": 1,
                "total": 1,
                "batsman": 0
              },
              "extras": {
                "wides": 1
              },
              "batsman": "ML Hayden"
            }
          },
          {
            "3.2": {
              "non_striker": "PA Patel",
              "bowler": "Harbhajan Singh",
              "runs": {
                "extras": 0,
                "total": 0,
                "batsman": 0
              },
              "batsman": "ML Hayden"
            }
          },
          {
            "3.3": {
              "non_striker": "PA Patel",
              "bowler": "Harbhajan Singh",
              "runs": {
                "extras": 0,
                "total": 0,
                "batsman": 0
              },
              "batsman": "ML Hayden",
              "wicket": {
                "player_out": "ML Hayden",
                "kind": "lbw"
              }
            }
          },
          {
            "3.4": {
              "non_striker": "PA Patel",
              "bowler": "Harbhajan Singh",
              "runs": {
                "extras": 0,
                "total": 0,
                "batsman": 0
              },
              "batsman": "SK Raina"
            }
          },
          {
            "3.5": {
              "non_striker": "PA Patel",
              "bowler": "Harbhajan Singh",
              "runs": {
                "extras": 0,
                "total": 2,
                "batsman": 2
              },
              "batsman": "SK Raina"
            }
          },
          {
            "3.6": {
              "non_striker": "PA Patel",
              "bowler": "Harbhajan Singh",
              "runs": {
                "extras": 0,
                "total": 0,
                "batsman": 0
              },
              "batsman": "SK Raina"
            }
          },
          {
            "3.7": {
              "non_striker": "PA Patel",
              "bowler": "Harbhajan Singh",
              "runs": {
                "extras": 0,
                "total": 2,
                "batsman": 2
              },
              "batsman": "SK Raina"
            }
          },
          {
            "4.1": {
              "non_striker": "SK Raina",
              "bowler": "R McLaren",
              "runs": {
                "extras": 0,
                "total": 0,
                "batsman": 0
              },
              "batsman": "PA Patel"
            }
          },
          {
            "4.2": {
              "non_striker": "SK Raina",
              "bowler": "R McLaren",
              "runs": {
                "extras": 0,
                "total": 0,
                "batsman": 0
              },
              "batsman": "PA Patel"
            }
          },
          {
            "4.3": {
              "non_striker": "SK Raina",
              "bowler": "R McLaren",
              "runs": {
                "extras": 0,
                "total": 1,
                "batsman": 1
              },
              "batsman": "PA Patel"
            }
          },
          {
            "4.4": {
              "non_striker": "PA Patel",
              "bowler": "R McLaren",
              "runs": {
                "extras": 0,
                "total": 0,
                "batsman": 0
              },
              "batsman": "SK Raina"
            }
          },
          {
            "4.5": {
              "non_striker": "PA Patel",
              "bowler": "R McLaren",
              "runs": {
                "extras": 0,
                "total": 1,
                "batsman": 1
              },
              "batsman": "SK Raina"
            }
          },
          {
            "4.6": {
              "non_striker": "SK Raina",
              "bowler": "R McLaren",
              "runs": {
                "extras": 0,
                "total": 0,
                "batsman": 0
              },
              "batsman": "PA Patel",
              "wicket": {
                "player_out": "PA Patel",
                "kind": "bowled"
              }
            }
          },
          {
            "5.1": {
              "non_striker": "S Badrinath",
              "bowler": "DJ Bravo",
              "runs": {
                "extras": 0,
                "total": 6,
                "batsman": 6
              },
              "batsman": "SK Raina"
            }
          },
          {
            "5.2": {
              "non_striker": "S Badrinath",
              "bowler": "DJ Bravo",
              "runs": {
                "extras": 0,
                "total": 4,
                "batsman": 4
              },
              "batsman": "SK Raina"
            }
          },
          {
            "5.3": {
              "non_striker": "S Badrinath",
              "bowler": "DJ Bravo",
              "runs": {
                "extras": 0,
                "total": 1,
                "batsman": 1
              },
              "batsman": "SK Raina"
            }
          },
          {
            "5.4": {
              "non_striker": "SK Raina",
              "bowler": "DJ Bravo",
              "runs": {
                "extras": 0,
                "total": 1,
                "batsman": 1
              },
              "batsman": "S Badrinath"
            }
          },
          {
            "5.5": {
              "non_striker": "S Badrinath",
              "bowler": "DJ Bravo",
              "runs": {
                "extras": 0,
                "total": 0,
                "batsman": 0
              },
              "batsman": "SK Raina"
            }
          },
          {
            "5.6": {
              "non_striker": "S Badrinath",
              "bowler": "DJ Bravo",
              "runs": {
                "extras": 0,
                "total": 1,
                "batsman": 1
              },
              "batsman": "SK Raina"
            }
          },
          {
            "6.1": {
              "non_striker": "S Badrinath",
              "bowler": "Harbhajan Singh",
              "runs": {
                "extras": 0,
                "total": 1,
                "batsman": 1
              },
              "batsman": "SK Raina"
            }
          },
          {
            "6.2": {
              "non_striker": "SK Raina",
              "bowler": "Harbhajan Singh",
              "runs": {
                "extras": 0,
                "total": 1,
                "batsman": 1
              },
              "batsman": "S Badrinath"
            }
          },
          {
            "6.3": {
              "non_striker": "S Badrinath",
              "bowler": "Harbhajan Singh",
              "runs": {
                "extras": 0,
                "total": 1,
                "batsman": 1
              },
              "batsman": "SK Raina"
            }
          },
          {
            "6.4": {
              "non_striker": "SK Raina",
              "bowler": "Harbhajan Singh",
              "runs": {
                "extras": 0,
                "total": 1,
                "batsman": 1
              },
              "batsman": "S Badrinath"
            }
          },
          {
            "6.5": {
              "non_striker": "S Badrinath",
              "bowler": "Harbhajan Singh",
              "runs": {
                "extras": 0,
                "total": 0,
                "batsman": 0
              },
              "batsman": "SK Raina"
            }
          },
          {
            "6.6": {
              "non_striker": "S Badrinath",
              "bowler": "Harbhajan Singh",
              "runs": {
                "extras": 0,
                "total": 0,
                "batsman": 0
              },
              "batsman": "SK Raina"
            }
          },
          {
            "7.1": {
              "non_striker": "SK Raina",
              "bowler": "DJ Bravo",
              "runs": {
                "extras": 0,
                "total": 0,
                "batsman": 0
              },
              "batsman": "S Badrinath"
            }
          },
          {
            "7.2": {
              "non_striker": "SK Raina",
              "bowler": "DJ Bravo",
              "runs": {
                "extras": 0,
                "total": 0,
                "batsman": 0
              },
              "batsman": "S Badrinath"
            }
          },
          {
            "7.3": {
              "non_striker": "SK Raina",
              "bowler": "DJ Bravo",
              "runs": {
                "extras": 0,
                "total": 0,
                "batsman": 0
              },
              "batsman": "S Badrinath"
            }
          },
          {
            "7.4": {
              "non_striker": "SK Raina",
              "bowler": "DJ Bravo",
              "runs": {
                "extras": 1,
                "total": 1,
                "batsman": 0
              },
              "extras": {
                "legbyes": 1
              },
              "batsman": "S Badrinath"
            }
          },
          {
            "7.5": {
              "non_striker": "S Badrinath",
              "bowler": "DJ Bravo",
              "runs": {
                "extras": 0,
                "total": 4,
                "batsman": 4
              },
              "batsman": "SK Raina"
            }
          },
          {
            "7.6": {
              "non_striker": "S Badrinath",
              "bowler": "DJ Bravo",
              "runs": {
                "extras": 0,
                "total": 1,
                "batsman": 1
              },
              "batsman": "SK Raina"
            }
          },
          {
            "8.1": {
              "non_striker": "S Badrinath",
              "bowler": "Harbhajan Singh",
              "runs": {
                "extras": 0,
                "total": 2,
                "batsman": 2
              },
              "batsman": "SK Raina"
            }
          },
          {
            "8.2": {
              "non_striker": "S Badrinath",
              "bowler": "Harbhajan Singh",
              "runs": {
                "extras": 0,
                "total": 4,
                "batsman": 4
              },
              "batsman": "SK Raina"
            }
          },
          {
            "8.3": {
              "non_striker": "S Badrinath",
              "bowler": "Harbhajan Singh",
              "runs": {
                "extras": 0,
                "total": 1,
                "batsman": 1
              },
              "batsman": "SK Raina"
            }
          },
          {
            "8.4": {
              "non_striker": "SK Raina",
              "bowler": "Harbhajan Singh",
              "runs": {
                "extras": 0,
                "total": 1,
                "batsman": 1
              },
              "batsman": "S Badrinath"
            }
          },
          {
            "8.5": {
              "non_striker": "S Badrinath",
              "bowler": "Harbhajan Singh",
              "runs": {
                "extras": 0,
                "total": 1,
                "batsman": 1
              },
              "batsman": "SK Raina"
            }
          },
          {
            "8.6": {
              "non_striker": "SK Raina",
              "bowler": "Harbhajan Singh",
              "runs": {
                "extras": 0,
                "total": 1,
                "batsman": 1
              },
              "batsman": "S Badrinath"
            }
          },
          {
            "9.1": {
              "non_striker": "SK Raina",
              "bowler": "DJ Bravo",
              "runs": {
                "extras": 0,
                "total": 1,
                "batsman": 1
              },
              "batsman": "S Badrinath"
            }
          },
          {
            "9.2": {
              "non_striker": "S Badrinath",
              "bowler": "DJ Bravo",
              "runs": {
                "extras": 0,
                "total": 6,
                "batsman": 6
              },
              "batsman": "SK Raina"
            }
          },
          {
            "9.3": {
              "non_striker": "S Badrinath",
              "bowler": "DJ Bravo",
              "runs": {
                "extras": 0,
                "total": 4,
                "batsman": 4
              },
              "batsman": "SK Raina"
            }
          },
          {
            "9.4": {
              "non_striker": "S Badrinath",
              "bowler": "DJ Bravo",
              "runs": {
                "extras": 0,
                "total": 1,
                "batsman": 1
              },
              "batsman": "SK Raina"
            }
          },
          {
            "9.5": {
              "non_striker": "SK Raina",
              "bowler": "DJ Bravo",
              "runs": {
                "extras": 0,
                "total": 1,
                "batsman": 1
              },
              "batsman": "S Badrinath"
            }
          },
          {
            "9.6": {
              "non_striker": "S Badrinath",
              "bowler": "DJ Bravo",
              "runs": {
                "extras": 0,
                "total": 1,
                "batsman": 1
              },
              "batsman": "SK Raina"
            }
          },
          {
            "10.1": {
              "non_striker": "S Badrinath",
              "bowler": "SL Malinga",
              "runs": {
                "extras": 0,
                "total": 2,
                "batsman": 2
              },
              "batsman": "SK Raina"
            }
          },
          {
            "10.2": {
              "non_striker": "S Badrinath",
              "bowler": "SL Malinga",
              "runs": {
                "extras": 0,
                "total": 1,
                "batsman": 1
              },
              "batsman": "SK Raina"
            }
          },
          {
            "10.3": {
              "non_striker": "SK Raina",
              "bowler": "SL Malinga",
              "runs": {
                "extras": 0,
                "total": 0,
                "batsman": 0
              },
              "batsman": "S Badrinath"
            }
          },
          {
            "10.4": {
              "non_striker": "SK Raina",
              "bowler": "SL Malinga",
              "runs": {
                "extras": 0,
                "total": 4,
                "batsman": 4
              },
              "batsman": "S Badrinath"
            }
          },
          {
            "10.5": {
              "non_striker": "SK Raina",
              "bowler": "SL Malinga",
              "runs": {
                "extras": 1,
                "total": 1,
                "batsman": 0
              },
              "extras": {
                "wides": 1
              },
              "batsman": "S Badrinath"
            }
          },
          {
            "10.6": {
              "non_striker": "SK Raina",
              "bowler": "SL Malinga",
              "runs": {
                "extras": 0,
                "total": 1,
                "batsman": 1
              },
              "batsman": "S Badrinath"
            }
          },
          {
            "10.7": {
              "non_striker": "S Badrinath",
              "bowler": "SL Malinga",
              "runs": {
                "extras": 1,
                "total": 1,
                "batsman": 0
              },
              "extras": {
                "legbyes": 1
              },
              "batsman": "SK Raina"
            }
          },
          {
            "11.1": {
              "non_striker": "S Badrinath",
              "bowler": "Z Khan",
              "runs": {
                "extras": 0,
                "total": 1,
                "batsman": 1
              },
              "batsman": "SK Raina"
            }
          },
          {
            "11.2": {
              "non_striker": "SK Raina",
              "bowler": "Z Khan",
              "runs": {
                "extras": 0,
                "total": 0,
                "batsman": 0
              },
              "batsman": "S Badrinath"
            }
          },
          {
            "11.3": {
              "non_striker": "SK Raina",
              "bowler": "Z Khan",
              "runs": {
                "extras": 0,
                "total": 2,
                "batsman": 2
              },
              "batsman": "S Badrinath"
            }
          },
          {
            "11.4": {
              "non_striker": "SK Raina",
              "bowler": "Z Khan",
              "runs": {
                "extras": 0,
                "total": 1,
                "batsman": 1
              },
              "batsman": "S Badrinath"
            }
          },
          {
            "11.5": {
              "non_striker": "S Badrinath",
              "bowler": "Z Khan",
              "runs": {
                "extras": 1,
                "total": 1,
                "batsman": 0
              },
              "extras": {
                "noballs": 1
              },
              "batsman": "SK Raina"
            }
          },
          {
            "11.6": {
              "non_striker": "S Badrinath",
              "bowler": "Z Khan",
              "runs": {
                "extras": 0,
                "total": 1,
                "batsman": 1
              },
              "batsman": "SK Raina"
            }
          },
          {
            "11.7": {
              "non_striker": "SK Raina",
              "bowler": "Z Khan",
              "runs": {
                "extras": 0,
                "total": 0,
                "batsman": 0
              },
              "batsman": "S Badrinath"
            }
          },
          {
            "12.1": {
              "non_striker": "S Badrinath",
              "bowler": "SL Malinga",
              "runs": {
                "extras": 0,
                "total": 1,
                "batsman": 1
              },
              "batsman": "SK Raina"
            }
          },
          {
            "12.2": {
              "non_striker": "SK Raina",
              "bowler": "SL Malinga",
              "runs": {
                "extras": 0,
                "total": 4,
                "batsman": 4
              },
              "batsman": "S Badrinath"
            }
          },
          {
            "12.3": {
              "non_striker": "SK Raina",
              "bowler": "SL Malinga",
              "runs": {
                "extras": 0,
                "total": 0,
                "batsman": 0
              },
              "batsman": "S Badrinath"
            }
          },
          {
            "12.4": {
              "non_striker": "SK Raina",
              "bowler": "SL Malinga",
              "runs": {
                "extras": 1,
                "total": 1,
                "batsman": 0
              },
              "extras": {
                "wides": 1
              },
              "batsman": "S Badrinath"
            }
          },
          {
            "12.5": {
              "non_striker": "SK Raina",
              "bowler": "SL Malinga",
              "runs": {
                "extras": 0,
                "total": 1,
                "batsman": 1
              },
              "batsman": "S Badrinath"
            }
          },
          {
            "12.6": {
              "non_striker": "S Badrinath",
              "bowler": "SL Malinga",
              "runs": {
                "extras": 0,
                "total": 4,
                "batsman": 4
              },
              "batsman": "SK Raina"
            }
          },
          {
            "12.7": {
              "non_striker": "S Badrinath",
              "bowler": "SL Malinga",
              "runs": {
                "extras": 0,
                "total": 0,
                "batsman": 0
              },
              "batsman": "SK Raina"
            }
          },
          {
            "13.1": {
              "non_striker": "SK Raina",
              "bowler": "R McLaren",
              "runs": {
                "extras": 0,
                "total": 4,
                "batsman": 4
              },
              "batsman": "S Badrinath"
            }
          },
          {
            "13.2": {
              "non_striker": "SK Raina",
              "bowler": "R McLaren",
              "runs": {
                "extras": 0,
                "total": 1,
                "batsman": 1
              },
              "batsman": "S Badrinath"
            }
          },
          {
            "13.3": {
              "non_striker": "S Badrinath",
              "bowler": "R McLaren",
              "runs": {
                "extras": 0,
                "total": 1,
                "batsman": 1
              },
              "batsman": "SK Raina"
            }
          },
          {
            "13.4": {
              "non_striker": "SK Raina",
              "bowler": "R McLaren",
              "runs": {
                "extras": 0,
                "total": 0,
                "batsman": 0
              },
              "batsman": "S Badrinath"
            }
          },
          {
            "13.5": {
              "non_striker": "SK Raina",
              "bowler": "R McLaren",
              "runs": {
                "extras": 1,
                "total": 1,
                "batsman": 0
              },
              "extras": {
                "wides": 1
              },
              "batsman": "S Badrinath"
            }
          },
          {
            "13.6": {
              "non_striker": "SK Raina",
              "bowler": "R McLaren",
              "runs": {
                "extras": 0,
                "total": 0,
                "batsman": 0
              },
              "batsman": "S Badrinath"
            }
          },
          {
            "13.7": {
              "non_striker": "SK Raina",
              "bowler": "R McLaren",
              "runs": {
                "extras": 0,
                "total": 1,
                "batsman": 1
              },
              "batsman": "S Badrinath"
            }
          },
          {
            "14.1": {
              "non_striker": "SK Raina",
              "bowler": "Harbhajan Singh",
              "runs": {
                "extras": 0,
                "total": 2,
                "batsman": 2
              },
              "batsman": "S Badrinath"
            }
          },
          {
            "14.2": {
              "non_striker": "SK Raina",
              "bowler": "Harbhajan Singh",
              "runs": {
                "extras": 0,
                "total": 1,
                "batsman": 1
              },
              "batsman": "S Badrinath"
            }
          },
          {
            "14.3": {
              "non_striker": "S Badrinath",
              "bowler": "Harbhajan Singh",
              "runs": {
                "extras": 0,
                "total": 1,
                "batsman": 1
              },
              "batsman": "SK Raina"
            }
          },
          {
            "14.4": {
              "non_striker": "SK Raina",
              "bowler": "Harbhajan Singh",
              "runs": {
                "extras": 0,
                "total": 0,
                "batsman": 0
              },
              "batsman": "S Badrinath"
            }
          },
          {
            "14.5": {
              "non_striker": "SK Raina",
              "bowler": "Harbhajan Singh",
              "runs": {
                "extras": 0,
                "total": 1,
                "batsman": 1
              },
              "batsman": "S Badrinath"
            }
          },
          {
            "14.6": {
              "non_striker": "S Badrinath",
              "bowler": "Harbhajan Singh",
              "runs": {
                "extras": 0,
                "total": 1,
                "batsman": 1
              },
              "batsman": "SK Raina"
            }
          },
          {
            "15.1": {
              "non_striker": "S Badrinath",
              "bowler": "Z Khan",
              "runs": {
                "extras": 0,
                "total": 1,
                "batsman": 1
              },
              "batsman": "SK Raina"
            }
          },
          {
            "15.2": {
              "non_striker": "SK Raina",
              "bowler": "Z Khan",
              "runs": {
                "extras": 0,
                "total": 1,
                "batsman": 1
              },
              "batsman": "S Badrinath"
            }
          },
          {
            "15.3": {
              "non_striker": "S Badrinath",
              "bowler": "Z Khan",
              "runs": {
                "extras": 0,
                "total": 1,
                "batsman": 1
              },
              "batsman": "SK Raina"
            }
          },
          {
            "15.4": {
              "non_striker": "SK Raina",
              "bowler": "Z Khan",
              "runs": {
                "extras": 0,
                "total": 2,
                "batsman": 2
              },
              "batsman": "S Badrinath"
            }
          },
          {
            "15.5": {
              "non_striker": "SK Raina",
              "bowler": "Z Khan",
              "runs": {
                "extras": 0,
                "total": 1,
                "batsman": 1
              },
              "batsman": "S Badrinath"
            }
          },
          {
            "15.6": {
              "non_striker": "S Badrinath",
              "bowler": "Z Khan",
              "runs": {
                "extras": 0,
                "total": 4,
                "batsman": 4
              },
              "batsman": "SK Raina"
            }
          },
          {
            "16.1": {
              "non_striker": "SK Raina",
              "bowler": "SL Malinga",
              "runs": {
                "extras": 1,
                "total": 1,
                "batsman": 0
              },
              "extras": {
                "legbyes": 1
              },
              "batsman": "S Badrinath"
            }
          },
          {
            "16.2": {
              "non_striker": "S Badrinath",
              "bowler": "SL Malinga",
              "runs": {
                "extras": 0,
                "total": 0,
                "batsman": 0
              },
              "batsman": "SK Raina"
            }
          },
          {
            "16.3": {
              "non_striker": "S Badrinath",
              "bowler": "SL Malinga",
              "runs": {
                "extras": 0,
                "total": 6,
                "batsman": 6
              },
              "batsman": "SK Raina"
            }
          },
          {
            "16.4": {
              "non_striker": "S Badrinath",
              "bowler": "SL Malinga",
              "runs": {
                "extras": 0,
                "total": 2,
                "batsman": 2
              },
              "batsman": "SK Raina"
            }
          },
          {
            "16.5": {
              "non_striker": "S Badrinath",
              "bowler": "SL Malinga",
              "runs": {
                "extras": 0,
                "total": 1,
                "batsman": 1
              },
              "batsman": "SK Raina"
            }
          },
          {
            "16.6": {
              "non_striker": "SK Raina",
              "bowler": "SL Malinga",
              "runs": {
                "extras": 1,
                "total": 1,
                "batsman": 0
              },
              "extras": {
                "wides": 1
              },
              "batsman": "S Badrinath"
            }
          },
          {
            "16.7": {
              "non_striker": "SK Raina",
              "bowler": "SL Malinga",
              "runs": {
                "extras": 0,
                "total": 4,
                "batsman": 4
              },
              "batsman": "S Badrinath"
            }
          },
          {
            "17.1": {
              "non_striker": "S Badrinath",
              "bowler": "DJ Bravo",
              "runs": {
                "extras": 0,
                "total": 1,
                "batsman": 1
              },
              "batsman": "SK Raina"
            }
          },
          {
            "17.2": {
              "non_striker": "SK Raina",
              "bowler": "DJ Bravo",
              "runs": {
                "extras": 0,
                "total": 4,
                "batsman": 4
              },
              "batsman": "S Badrinath"
            }
          },
          {
            "17.3": {
              "non_striker": "SK Raina",
              "bowler": "DJ Bravo",
              "runs": {
                "extras": 0,
                "total": 1,
                "batsman": 1
              },
              "batsman": "S Badrinath"
            }
          },
          {
            "17.4": {
              "non_striker": "S Badrinath",
              "bowler": "DJ Bravo",
              "runs": {
                "extras": 0,
                "total": 1,
                "batsman": 1
              },
              "batsman": "SK Raina"
            }
          },
          {
            "17.5": {
              "non_striker": "SK Raina",
              "bowler": "DJ Bravo",
              "runs": {
                "extras": 0,
                "total": 2,
                "batsman": 2
              },
              "batsman": "S Badrinath"
            }
          },
          {
            "17.6": {
              "non_striker": "SK Raina",
              "bowler": "DJ Bravo",
              "runs": {
                "extras": 0,
                "total": 1,
                "batsman": 1
              },
              "batsman": "S Badrinath"
            }
          },
          {
            "18.1": {
              "non_striker": "SK Raina",
              "bowler": "Z Khan",
              "runs": {
                "extras": 0,
                "total": 1,
                "batsman": 1
              },
              "batsman": "S Badrinath"
            }
          },
          {
            "18.2": {
              "non_striker": "S Badrinath",
              "bowler": "Z Khan",
              "runs": {
                "extras": 0,
                "total": 1,
                "batsman": 1
              },
              "batsman": "SK Raina"
            }
          },
          {
            "18.3": {
              "non_striker": "SK Raina",
              "bowler": "Z Khan",
              "runs": {
                "extras": 0,
                "total": 4,
                "batsman": 4
              },
              "batsman": "S Badrinath"
            }
          },
          {
            "18.4": {
              "non_striker": "SK Raina",
              "bowler": "Z Khan",
              "runs": {
                "extras": 0,
                "total": 1,
                "batsman": 1
              },
              "batsman": "S Badrinath"
            }
          },
          {
            "18.5": {
              "non_striker": "S Badrinath",
              "bowler": "Z Khan",
              "runs": {
                "extras": 0,
                "total": 4,
                "batsman": 4
              },
              "batsman": "SK Raina"
            }
          },
          {
            "18.6": {
              "non_striker": "S Badrinath",
              "bowler": "Z Khan",
              "runs": {
                "extras": 0,
                "total": 1,
                "batsman": 1
              },
              "batsman": "SK Raina"
            }
          },
          {
            "19.1": {
              "non_striker": "S Badrinath",
              "bowler": "SL Malinga",
              "runs": {
                "extras": 0,
                "total": 1,
                "batsman": 1
              },
              "batsman": "SK Raina"
            }
          },
          {
            "19.2": {
              "non_striker": "SK Raina",
              "bowler": "SL Malinga",
              "runs": {
                "extras": 0,
                "total": 1,
                "batsman": 1
              },
              "batsman": "S Badrinath"
            }
          },
          {
            "19.3": {
              "non_striker": "S Badrinath",
              "bowler": "SL Malinga",
              "runs": {
                "extras": 0,
                "total": 1,
                "batsman": 1
              },
              "batsman": "SK Raina"
            }
          },
          {
            "19.4": {
              "non_striker": "SK Raina",
              "bowler": "SL Malinga",
              "runs": {
                "extras": 0,
                "total": 1,
                "batsman": 1
              },
              "batsman": "S Badrinath"
            }
          },
          {
            "19.5": {
              "non_striker": "S Badrinath",
              "bowler": "SL Malinga",
              "runs": {
                "extras": 1,
                "total": 1,
                "batsman": 0
              },
              "extras": {
                "wides": 1
              },
              "batsman": "SK Raina"
            }
          },
          {
            "19.6": {
              "non_striker": "S Badrinath",
              "bowler": "SL Malinga",
              "runs": {
                "extras": 0,
                "total": 1,
                "batsman": 1
              },
              "batsman": "SK Raina"
            }
          },
          {
            "19.7": {
              "non_striker": "SK Raina",
              "bowler": "SL Malinga",
              "runs": {
                "extras": 0,
                "total": 1,
                "batsman": 1
              },
              "batsman": "S Badrinath"
            }
          }
        ]
      }
    },
    {
      "2nd innings": {
        "team": "Mumbai Indians",
        "deliveries": [
          {
            "0.1": {
              "non_striker": "SR Tendulkar",
              "bowler": "JA Morkel",
              "runs": {
                "extras": 0,
                "total": 0,
                "batsman": 0
              },
              "batsman": "S Dhawan"
            }
          },
          {
            "0.2": {
              "non_striker": "SR Tendulkar",
              "bowler": "JA Morkel",
              "runs": {
                "extras": 0,
                "total": 1,
                "batsman": 1
              },
              "batsman": "S Dhawan"
            }
          },
          {
            "0.3": {
              "non_striker": "S Dhawan",
              "bowler": "JA Morkel",
              "runs": {
                "extras": 0,
                "total": 0,
                "batsman": 0
              },
              "batsman": "SR Tendulkar"
            }
          },
          {
            "0.4": {
              "non_striker": "S Dhawan",
              "bowler": "JA Morkel",
              "runs": {
                "extras": 0,
                "total": 0,
                "batsman": 0
              },
              "batsman": "SR Tendulkar"
            }
          },
          {
            "0.5": {
              "non_striker": "S Dhawan",
              "bowler": "JA Morkel",
              "runs": {
                "extras": 0,
                "total": 4,
                "batsman": 4
              },
              "batsman": "SR Tendulkar"
            }
          },
          {
            "0.6": {
              "non_striker": "S Dhawan",
              "bowler": "JA Morkel",
              "runs": {
                "extras": 1,
                "total": 1,
                "batsman": 0
              },
              "extras": {
                "legbyes": 1
              },
              "batsman": "SR Tendulkar"
            }
          },
          {
            "1.1": {
              "non_striker": "S Dhawan",
              "bowler": "L Balaji",
              "runs": {
                "extras": 0,
                "total": 1,
                "batsman": 1
              },
              "batsman": "SR Tendulkar"
            }
          },
          {
            "1.2": {
              "non_striker": "SR Tendulkar",
              "bowler": "L Balaji",
              "runs": {
                "extras": 0,
                "total": 0,
                "batsman": 0
              },
              "batsman": "S Dhawan"
            }
          },
          {
            "1.3": {
              "non_striker": "SR Tendulkar",
              "bowler": "L Balaji",
              "runs": {
                "extras": 0,
                "total": 4,
                "batsman": 4
              },
              "batsman": "S Dhawan"
            }
          },
          {
            "1.4": {
              "non_striker": "SR Tendulkar",
              "bowler": "L Balaji",
              "runs": {
                "extras": 5,
                "total": 5,
                "batsman": 0
              },
              "extras": {
                "wides": 5
              },
              "batsman": "S Dhawan"
            }
          },
          {
            "1.5": {
              "non_striker": "SR Tendulkar",
              "bowler": "L Balaji",
              "runs": {
                "extras": 0,
                "total": 1,
                "batsman": 1
              },
              "batsman": "S Dhawan"
            }
          },
          {
            "1.6": {
              "non_striker": "S Dhawan",
              "bowler": "L Balaji",
              "runs": {
                "extras": 0,
                "total": 0,
                "batsman": 0
              },
              "batsman": "SR Tendulkar"
            }
          },
          {
            "1.7": {
              "non_striker": "S Dhawan",
              "bowler": "L Balaji",
              "runs": {
                "extras": 0,
                "total": 2,
                "batsman": 2
              },
              "batsman": "SR Tendulkar"
            }
          },
          {
            "2.1": {
              "non_striker": "SR Tendulkar",
              "bowler": "JA Morkel",
              "runs": {
                "extras": 0,
                "total": 2,
                "batsman": 2
              },
              "batsman": "S Dhawan"
            }
          },
          {
            "2.2": {
              "non_striker": "SR Tendulkar",
              "bowler": "JA Morkel",
              "runs": {
                "extras": 1,
                "total": 1,
                "batsman": 0
              },
              "extras": {
                "wides": 1
              },
              "batsman": "S Dhawan"
            }
          },
          {
            "2.3": {
              "non_striker": "SR Tendulkar",
              "bowler": "JA Morkel",
              "runs": {
                "extras": 0,
                "total": 0,
                "batsman": 0
              },
              "batsman": "S Dhawan"
            }
          },
          {
            "2.4": {
              "non_striker": "SR Tendulkar",
              "bowler": "JA Morkel",
              "runs": {
                "extras": 0,
                "total": 1,
                "batsman": 1
              },
              "batsman": "S Dhawan"
            }
          },
          {
            "2.5": {
              "non_striker": "S Dhawan",
              "bowler": "JA Morkel",
              "runs": {
                "extras": 0,
                "total": 0,
                "batsman": 0
              },
              "batsman": "SR Tendulkar"
            }
          },
          {
            "2.6": {
              "non_striker": "S Dhawan",
              "bowler": "JA Morkel",
              "runs": {
                "extras": 1,
                "total": 1,
                "batsman": 0
              },
              "extras": {
                "wides": 1
              },
              "batsman": "SR Tendulkar"
            }
          },
          {
            "2.7": {
              "non_striker": "S Dhawan",
              "bowler": "JA Morkel",
              "runs": {
                "extras": 0,
                "total": 1,
                "batsman": 1
              },
              "batsman": "SR Tendulkar"
            }
          },
          {
            "2.8": {
              "non_striker": "SR Tendulkar",
              "bowler": "JA Morkel",
              "runs": {
                "extras": 0,
                "total": 1,
                "batsman": 1
              },
              "batsman": "S Dhawan"
            }
          },
          {
            "3.1": {
              "non_striker": "SR Tendulkar",
              "bowler": "L Balaji",
              "runs": {
                "extras": 0,
                "total": 0,
                "batsman": 0
              },
              "batsman": "S Dhawan"
            }
          },
          {
            "3.2": {
              "non_striker": "SR Tendulkar",
              "bowler": "L Balaji",
              "runs": {
                "extras": 0,
                "total": 1,
                "batsman": 1
              },
              "batsman": "S Dhawan"
            }
          },
          {
            "3.3": {
              "non_striker": "S Dhawan",
              "bowler": "L Balaji",
              "runs": {
                "extras": 0,
                "total": 1,
                "batsman": 1
              },
              "batsman": "SR Tendulkar"
            }
          },
          {
            "3.4": {
              "non_striker": "SR Tendulkar",
              "bowler": "L Balaji",
              "runs": {
                "extras": 0,
                "total": 1,
                "batsman": 1
              },
              "batsman": "S Dhawan"
            }
          },
          {
            "3.5": {
              "non_striker": "S Dhawan",
              "bowler": "L Balaji",
              "runs": {
                "extras": 0,
                "total": 4,
                "batsman": 4
              },
              "batsman": "SR Tendulkar"
            }
          },
          {
            "3.6": {
              "non_striker": "S Dhawan",
              "bowler": "L Balaji",
              "runs": {
                "extras": 0,
                "total": 1,
                "batsman": 1
              },
              "batsman": "SR Tendulkar"
            }
          },
          {
            "4.1": {
              "non_striker": "S Dhawan",
              "bowler": "Joginder Sharma",
              "runs": {
                "extras": 0,
                "total": 1,
                "batsman": 1
              },
              "batsman": "SR Tendulkar"
            }
          },
          {
            "4.2": {
              "non_striker": "SR Tendulkar",
              "bowler": "Joginder Sharma",
              "runs": {
                "extras": 0,
                "total": 4,
                "batsman": 4
              },
              "batsman": "S Dhawan"
            }
          },
          {
            "4.3": {
              "non_striker": "SR Tendulkar",
              "bowler": "Joginder Sharma",
              "runs": {
                "extras": 0,
                "total": 0,
                "batsman": 0
              },
              "batsman": "S Dhawan"
            }
          },
          {
            "4.4": {
              "non_striker": "SR Tendulkar",
              "bowler": "Joginder Sharma",
              "runs": {
                "extras": 1,
                "total": 5,
                "batsman": 4
              },
              "extras": {
                "noballs": 1
              },
              "batsman": "S Dhawan"
            }
          },
          {
            "4.5": {
              "non_striker": "SR Tendulkar",
              "bowler": "Joginder Sharma",
              "runs": {
                "extras": 0,
                "total": 4,
                "batsman": 4
              },
              "batsman": "S Dhawan"
            }
          },
          {
            "4.6": {
              "non_striker": "SR Tendulkar",
              "bowler": "Joginder Sharma",
              "runs": {
                "extras": 1,
                "total": 1,
                "batsman": 0
              },
              "extras": {
                "wides": 1
              },
              "batsman": "S Dhawan"
            }
          },
          {
            "4.7": {
              "non_striker": "SR Tendulkar",
              "bowler": "Joginder Sharma",
              "runs": {
                "extras": 0,
                "total": 1,
                "batsman": 1
              },
              "batsman": "S Dhawan"
            }
          },
          {
            "4.8": {
              "non_striker": "S Dhawan",
              "bowler": "Joginder Sharma",
              "runs": {
                "extras": 0,
                "total": 0,
                "batsman": 0
              },
              "batsman": "SR Tendulkar"
            }
          },
          {
            "5.1": {
              "non_striker": "SR Tendulkar",
              "bowler": "L Balaji",
              "runs": {
                "extras": 0,
                "total": 0,
                "batsman": 0
              },
              "batsman": "S Dhawan"
            }
          },
          {
            "5.2": {
              "non_striker": "SR Tendulkar",
              "bowler": "L Balaji",
              "runs": {
                "extras": 0,
                "total": 0,
                "batsman": 0
              },
              "batsman": "S Dhawan"
            }
          },
          {
            "5.3": {
              "non_striker": "SR Tendulkar",
              "bowler": "L Balaji",
              "runs": {
                "extras": 0,
                "total": 0,
                "batsman": 0
              },
              "batsman": "S Dhawan"
            }
          },
          {
            "5.4": {
              "non_striker": "SR Tendulkar",
              "bowler": "L Balaji",
              "runs": {
                "extras": 0,
                "total": 6,
                "batsman": 6
              },
              "batsman": "S Dhawan"
            }
          },
          {
            "5.5": {
              "non_striker": "SR Tendulkar",
              "bowler": "L Balaji",
              "runs": {
                "extras": 0,
                "total": 6,
                "batsman": 6
              },
              "batsman": "S Dhawan"
            }
          },
          {
            "5.6": {
              "non_striker": "SR Tendulkar",
              "bowler": "L Balaji",
              "runs": {
                "extras": 0,
                "total": 1,
                "batsman": 1
              },
              "batsman": "S Dhawan"
            }
          },
          {
            "6.1": {
              "non_striker": "SR Tendulkar",
              "bowler": "SB Jakati",
              "runs": {
                "extras": 0,
                "total": 4,
                "batsman": 4
              },
              "batsman": "S Dhawan"
            }
          },
          {
            "6.2": {
              "non_striker": "SR Tendulkar",
              "bowler": "SB Jakati",
              "runs": {
                "extras": 0,
                "total": 1,
                "batsman": 1
              },
              "batsman": "S Dhawan"
            }
          },
          {
            "6.3": {
              "non_striker": "S Dhawan",
              "bowler": "SB Jakati",
              "runs": {
                "extras": 0,
                "total": 0,
                "batsman": 0
              },
              "batsman": "SR Tendulkar"
            }
          },
          {
            "6.4": {
              "non_striker": "S Dhawan",
              "bowler": "SB Jakati",
              "runs": {
                "extras": 0,
                "total": 4,
                "batsman": 4
              },
              "batsman": "SR Tendulkar"
            }
          },
          {
            "6.5": {
              "non_striker": "S Dhawan",
              "bowler": "SB Jakati",
              "runs": {
                "extras": 0,
                "total": 1,
                "batsman": 1
              },
              "batsman": "SR Tendulkar"
            }
          },
          {
            "6.6": {
              "non_striker": "SR Tendulkar",
              "bowler": "SB Jakati",
              "runs": {
                "extras": 1,
                "total": 1,
                "batsman": 0
              },
              "extras": {
                "legbyes": 1
              },
              "batsman": "S Dhawan"
            }
          },
          {
            "7.1": {
              "non_striker": "SR Tendulkar",
              "bowler": "M Muralitharan",
              "runs": {
                "extras": 0,
                "total": 0,
                "batsman": 0
              },
              "batsman": "S Dhawan"
            }
          },
          {
            "7.2": {
              "non_striker": "SR Tendulkar",
              "bowler": "M Muralitharan",
              "runs": {
                "extras": 0,
                "total": 2,
                "batsman": 2
              },
              "batsman": "S Dhawan"
            }
          },
          {
            "7.3": {
              "non_striker": "SR Tendulkar",
              "bowler": "M Muralitharan",
              "runs": {
                "extras": 0,
                "total": 1,
                "batsman": 1
              },
              "batsman": "S Dhawan"
            }
          },
          {
            "7.4": {
              "non_striker": "S Dhawan",
              "bowler": "M Muralitharan",
              "runs": {
                "extras": 1,
                "total": 1,
                "batsman": 0
              },
              "extras": {
                "wides": 1
              },
              "batsman": "SR Tendulkar"
            }
          },
          {
            "7.5": {
              "non_striker": "S Dhawan",
              "bowler": "M Muralitharan",
              "runs": {
                "extras": 0,
                "total": 2,
                "batsman": 2
              },
              "batsman": "SR Tendulkar"
            }
          },
          {
            "7.6": {
              "non_striker": "S Dhawan",
              "bowler": "M Muralitharan",
              "runs": {
                "extras": 0,
                "total": 1,
                "batsman": 1
              },
              "batsman": "SR Tendulkar"
            }
          },
          {
            "7.7": {
              "non_striker": "SR Tendulkar",
              "bowler": "M Muralitharan",
              "runs": {
                "extras": 0,
                "total": 1,
                "batsman": 1
              },
              "batsman": "S Dhawan"
            }
          },
          {
            "8.1": {
              "non_striker": "SR Tendulkar",
              "bowler": "SB Jakati",
              "runs": {
                "extras": 0,
                "total": 6,
                "batsman": 6
              },
              "batsman": "S Dhawan"
            }
          },
          {
            "8.2": {
              "non_striker": "SR Tendulkar",
              "bowler": "SB Jakati",
              "runs": {
                "extras": 0,
                "total": 2,
                "batsman": 2
              },
              "batsman": "S Dhawan"
            }
          },
          {
            "8.3": {
              "non_striker": "SR Tendulkar",
              "bowler": "SB Jakati",
              "runs": {
                "extras": 0,
                "total": 1,
                "batsman": 1
              },
              "batsman": "S Dhawan"
            }
          },
          {
            "8.4": {
              "non_striker": "S Dhawan",
              "bowler": "SB Jakati",
              "runs": {
                "extras": 0,
                "total": 1,
                "batsman": 1
              },
              "batsman": "SR Tendulkar"
            }
          },
          {
            "8.5": {
              "non_striker": "SR Tendulkar",
              "bowler": "SB Jakati",
              "runs": {
                "extras": 0,
                "total": 0,
                "batsman": 0
              },
              "batsman": "S Dhawan",
              "wicket": {
                "player_out": "S Dhawan",
                "fielders": [
                  "SK Raina"
                ],
                "kind": "caught"
              }
            }
          },
          {
            "8.6": {
              "non_striker": "SS Tiwary",
              "bowler": "SB Jakati",
              "runs": {
                "extras": 0,
                "total": 2,
                "batsman": 2
              },
              "batsman": "SR Tendulkar"
            }
          },
          {
            "9.1": {
              "non_striker": "SR Tendulkar",
              "bowler": "M Muralitharan",
              "runs": {
                "extras": 0,
                "total": 2,
                "batsman": 2
              },
              "batsman": "SS Tiwary"
            }
          },
          {
            "9.2": {
              "non_striker": "SR Tendulkar",
              "bowler": "M Muralitharan",
              "runs": {
                "extras": 0,
                "total": 0,
                "batsman": 0
              },
              "batsman": "SS Tiwary"
            }
          },
          {
            "9.3": {
              "non_striker": "SR Tendulkar",
              "bowler": "M Muralitharan",
              "runs": {
                "extras": 0,
                "total": 0,
                "batsman": 0
              },
              "batsman": "SS Tiwary",
              "wicket": {
                "player_out": "SS Tiwary",
                "kind": "lbw"
              }
            }
          },
          {
            "9.4": {
              "non_striker": "SR Tendulkar",
              "bowler": "M Muralitharan",
              "runs": {
                "extras": 0,
                "total": 1,
                "batsman": 1
              },
              "batsman": "R Sathish"
            }
          },
          {
            "9.5": {
              "non_striker": "R Sathish",
              "bowler": "M Muralitharan",
              "runs": {
                "extras": 0,
                "total": 0,
                "batsman": 0
              },
              "batsman": "SR Tendulkar"
            }
          },
          {
            "9.6": {
              "non_striker": "R Sathish",
              "bowler": "M Muralitharan",
              "runs": {
                "extras": 0,
                "total": 1,
                "batsman": 1
              },
              "batsman": "SR Tendulkar"
            }
          },
          {
            "10.1": {
              "non_striker": "R Sathish",
              "bowler": "SB Jakati",
              "runs": {
                "extras": 0,
                "total": 0,
                "batsman": 0
              },
              "batsman": "SR Tendulkar"
            }
          },
          {
            "10.2": {
              "non_striker": "R Sathish",
              "bowler": "SB Jakati",
              "runs": {
                "extras": 1,
                "total": 1,
                "batsman": 0
              },
              "extras": {
                "legbyes": 1
              },
              "batsman": "SR Tendulkar"
            }
          },
          {
            "10.3": {
              "non_striker": "SR Tendulkar",
              "bowler": "SB Jakati",
              "runs": {
                "extras": 0,
                "total": 0,
                "batsman": 0
              },
              "batsman": "R Sathish"
            }
          },
          {
            "10.4": {
              "non_striker": "SR Tendulkar",
              "bowler": "SB Jakati",
              "runs": {
                "extras": 0,
                "total": 0,
                "batsman": 0
              },
              "batsman": "R Sathish"
            }
          },
          {
            "10.5": {
              "non_striker": "SR Tendulkar",
              "bowler": "SB Jakati",
              "runs": {
                "extras": 0,
                "total": 1,
                "batsman": 1
              },
              "batsman": "R Sathish"
            }
          },
          {
            "10.6": {
              "non_striker": "R Sathish",
              "bowler": "SB Jakati",
              "runs": {
                "extras": 0,
                "total": 1,
                "batsman": 1
              },
              "batsman": "SR Tendulkar"
            }
          },
          {
            "11.1": {
              "non_striker": "R Sathish",
              "bowler": "JA Morkel",
              "runs": {
                "extras": 0,
                "total": 1,
                "batsman": 1
              },
              "batsman": "SR Tendulkar"
            }
          },
          {
            "11.2": {
              "non_striker": "SR Tendulkar",
              "bowler": "JA Morkel",
              "runs": {
                "extras": 0,
                "total": 0,
                "batsman": 0
              },
              "batsman": "R Sathish"
            }
          },
          {
            "11.3": {
              "non_striker": "SR Tendulkar",
              "bowler": "JA Morkel",
              "runs": {
                "extras": 0,
                "total": 0,
                "batsman": 0
              },
              "batsman": "R Sathish"
            }
          },
          {
            "11.4": {
              "non_striker": "SR Tendulkar",
              "bowler": "JA Morkel",
              "runs": {
                "extras": 0,
                "total": 2,
                "batsman": 2
              },
              "batsman": "R Sathish"
            }
          },
          {
            "11.5": {
              "non_striker": "SR Tendulkar",
              "bowler": "JA Morkel",
              "runs": {
                "extras": 0,
                "total": 1,
                "batsman": 1
              },
              "batsman": "R Sathish"
            }
          },
          {
            "11.6": {
              "non_striker": "R Sathish",
              "bowler": "JA Morkel",
              "runs": {
                "extras": 0,
                "total": 1,
                "batsman": 1
              },
              "batsman": "SR Tendulkar"
            }
          },
          {
            "12.1": {
              "non_striker": "R Sathish",
              "bowler": "M Muralitharan",
              "runs": {
                "extras": 0,
                "total": 2,
                "batsman": 2
              },
              "batsman": "SR Tendulkar"
            }
          },
          {
            "12.2": {
              "non_striker": "R Sathish",
              "bowler": "M Muralitharan",
              "runs": {
                "extras": 0,
                "total": 6,
                "batsman": 6
              },
              "batsman": "SR Tendulkar"
            }
          },
          {
            "12.3": {
              "non_striker": "R Sathish",
              "bowler": "M Muralitharan",
              "runs": {
                "extras": 0,
                "total": 2,
                "batsman": 2
              },
              "batsman": "SR Tendulkar"
            }
          },
          {
            "12.4": {
              "non_striker": "R Sathish",
              "bowler": "M Muralitharan",
              "runs": {
                "extras": 0,
                "total": 0,
                "batsman": 0
              },
              "batsman": "SR Tendulkar"
            }
          },
          {
            "12.5": {
              "non_striker": "R Sathish",
              "bowler": "M Muralitharan",
              "runs": {
                "extras": 0,
                "total": 2,
                "batsman": 2
              },
              "batsman": "SR Tendulkar"
            }
          },
          {
            "12.6": {
              "non_striker": "R Sathish",
              "bowler": "M Muralitharan",
              "runs": {
                "extras": 0,
                "total": 1,
                "batsman": 1
              },
              "batsman": "SR Tendulkar"
            }
          },
          {
            "13.1": {
              "non_striker": "R Sathish",
              "bowler": "Joginder Sharma",
              "runs": {
                "extras": 0,
                "total": 1,
                "batsman": 1
              },
              "batsman": "SR Tendulkar"
            }
          },
          {
            "13.2": {
              "non_striker": "SR Tendulkar",
              "bowler": "Joginder Sharma",
              "runs": {
                "extras": 0,
                "total": 0,
                "batsman": 0
              },
              "batsman": "R Sathish",
              "wicket": {
                "player_out": "R Sathish",
                "kind": "bowled"
              }
            }
          },
          {
            "13.3": {
              "non_striker": "SR Tendulkar",
              "bowler": "Joginder Sharma",
              "runs": {
                "extras": 0,
                "total": 0,
                "batsman": 0
              },
              "batsman": "KA Pollard"
            }
          },
          {
            "13.4": {
              "non_striker": "SR Tendulkar",
              "bowler": "Joginder Sharma",
              "runs": {
                "extras": 0,
                "total": 1,
                "batsman": 1
              },
              "batsman": "KA Pollard"
            }
          },
          {
            "13.5": {
              "non_striker": "KA Pollard",
              "bowler": "Joginder Sharma",
              "runs": {
                "extras": 0,
                "total": 1,
                "batsman": 1
              },
              "batsman": "SR Tendulkar"
            }
          },
          {
            "13.6": {
              "non_striker": "SR Tendulkar",
              "bowler": "Joginder Sharma",
              "runs": {
                "extras": 0,
                "total": 4,
                "batsman": 4
              },
              "batsman": "KA Pollard"
            }
          },
          {
            "14.1": {
              "non_striker": "KA Pollard",
              "bowler": "SB Jakati",
              "runs": {
                "extras": 0,
                "total": 4,
                "batsman": 4
              },
              "batsman": "SR Tendulkar"
            }
          },
          {
            "14.2": {
              "non_striker": "KA Pollard",
              "bowler": "SB Jakati",
              "runs": {
                "extras": 1,
                "total": 1,
                "batsman": 0
              },
              "extras": {
                "legbyes": 1
              },
              "batsman": "SR Tendulkar"
            }
          },
          {
            "14.3": {
              "non_striker": "SR Tendulkar",
              "bowler": "SB Jakati",
              "runs": {
                "extras": 0,
                "total": 1,
                "batsman": 1
              },
              "batsman": "KA Pollard"
            }
          },
          {
            "14.4": {
              "non_striker": "KA Pollard",
              "bowler": "SB Jakati",
              "runs": {
                "extras": 0,
                "total": 0,
                "batsman": 0
              },
              "batsman": "SR Tendulkar"
            }
          },
          {
            "14.5": {
              "non_striker": "KA Pollard",
              "bowler": "SB Jakati",
              "runs": {
                "extras": 0,
                "total": 1,
                "batsman": 1
              },
              "batsman": "SR Tendulkar"
            }
          },
          {
            "14.6": {
              "non_striker": "SR Tendulkar",
              "bowler": "SB Jakati",
              "runs": {
                "extras": 0,
                "total": 0,
                "batsman": 0
              },
              "batsman": "KA Pollard"
            }
          },
          {
            "15.1": {
              "non_striker": "KA Pollard",
              "bowler": "NLTC Perera",
              "runs": {
                "extras": 0,
                "total": 4,
                "batsman": 4
              },
              "batsman": "SR Tendulkar"
            }
          },
          {
            "15.2": {
              "non_striker": "KA Pollard",
              "bowler": "NLTC Perera",
              "runs": {
                "extras": 0,
                "total": 2,
                "batsman": 2
              },
              "batsman": "SR Tendulkar"
            }
          },
          {
            "15.3": {
              "non_striker": "KA Pollard",
              "bowler": "NLTC Perera",
              "runs": {
                "extras": 0,
                "total": 4,
                "batsman": 4
              },
              "batsman": "SR Tendulkar"
            }
          },
          {
            "15.4": {
              "non_striker": "KA Pollard",
              "bowler": "NLTC Perera",
              "runs": {
                "extras": 0,
                "total": 1,
                "batsman": 1
              },
              "batsman": "SR Tendulkar"
            }
          },
          {
            "15.5": {
              "non_striker": "SR Tendulkar",
              "bowler": "NLTC Perera",
              "runs": {
                "extras": 0,
                "total": 4,
                "batsman": 4
              },
              "batsman": "KA Pollard"
            }
          },
          {
            "15.6": {
              "non_striker": "SR Tendulkar",
              "bowler": "NLTC Perera",
              "runs": {
                "extras": 0,
                "total": 4,
                "batsman": 4
              },
              "batsman": "KA Pollard"
            }
          },
          {
            "16.1": {
              "non_striker": "KA Pollard",
              "bowler": "M Muralitharan",
              "runs": {
                "extras": 0,
                "total": 0,
                "batsman": 0
              },
              "batsman": "SR Tendulkar"
            }
          },
          {
            "16.2": {
              "non_striker": "KA Pollard",
              "bowler": "M Muralitharan",
              "runs": {
                "extras": 0,
                "total": 1,
                "batsman": 1
              },
              "batsman": "SR Tendulkar"
            }
          },
          {
            "16.3": {
              "non_striker": "SR Tendulkar",
              "bowler": "M Muralitharan",
              "runs": {
                "extras": 0,
                "total": 6,
                "batsman": 6
              },
              "batsman": "KA Pollard"
            }
          },
          {
            "16.4": {
              "non_striker": "SR Tendulkar",
              "bowler": "M Muralitharan",
              "runs": {
                "extras": 0,
                "total": 0,
                "batsman": 0
              },
              "batsman": "KA Pollard",
              "wicket": {
                "player_out": "KA Pollard",
                "kind": "bowled"
              }
            }
          },
          {
            "16.5": {
              "non_striker": "SR Tendulkar",
              "bowler": "M Muralitharan",
              "runs": {
                "extras": 0,
                "total": 0,
                "batsman": 0
              },
              "batsman": "DJ Bravo"
            }
          },
          {
            "16.6": {
              "non_striker": "SR Tendulkar",
              "bowler": "M Muralitharan",
              "runs": {
                "extras": 0,
                "total": 0,
                "batsman": 0
              },
              "batsman": "DJ Bravo"
            }
          },
          {
            "17.1": {
              "non_striker": "DJ Bravo",
              "bowler": "JA Morkel",
              "runs": {
                "extras": 0,
                "total": 1,
                "batsman": 1
              },
              "batsman": "SR Tendulkar"
            }
          },
          {
            "17.2": {
              "non_striker": "SR Tendulkar",
              "bowler": "JA Morkel",
              "runs": {
                "extras": 0,
                "total": 2,
                "batsman": 2
              },
              "batsman": "DJ Bravo"
            }
          },
          {
            "17.3": {
              "non_striker": "SR Tendulkar",
              "bowler": "JA Morkel",
              "runs": {
                "extras": 0,
                "total": 1,
                "batsman": 1
              },
              "batsman": "DJ Bravo"
            }
          },
          {
            "17.4": {
              "non_striker": "DJ Bravo",
              "bowler": "JA Morkel",
              "runs": {
                "extras": 0,
                "total": 4,
                "batsman": 4
              },
              "batsman": "SR Tendulkar"
            }
          },
          {
            "17.5": {
              "non_striker": "DJ Bravo",
              "bowler": "JA Morkel",
              "runs": {
                "extras": 0,
                "total": 0,
                "batsman": 0
              },
              "batsman": "SR Tendulkar"
            }
          },
          {
            "17.6": {
              "non_striker": "DJ Bravo",
              "bowler": "JA Morkel",
              "runs": {
                "extras": 0,
                "total": 1,
                "batsman": 1
              },
              "batsman": "SR Tendulkar"
            }
          },
          {
            "18.1": {
              "non_striker": "DJ Bravo",
              "bowler": "L Balaji",
              "runs": {
                "extras": 0,
                "total": 4,
                "batsman": 4
              },
              "batsman": "SR Tendulkar"
            }
          },
          {
            "18.2": {
              "non_striker": "DJ Bravo",
              "bowler": "L Balaji",
              "runs": {
                "extras": 0,
                "total": 0,
                "batsman": 0
              },
              "batsman": "SR Tendulkar",
              "wicket": {
                "player_out": "SR Tendulkar",
                "fielders": [
                  "MS Dhoni"
                ],
                "kind": "caught"
              }
            }
          },
          {
            "18.3": {
              "non_striker": "R McLaren",
              "bowler": "L Balaji",
              "runs": {
                "extras": 0,
                "total": 1,
                "batsman": 1
              },
              "batsman": "DJ Bravo"
            }
          },
          {
            "18.4": {
              "non_striker": "DJ Bravo",
              "bowler": "L Balaji",
              "runs": {
                "extras": 0,
                "total": 1,
                "batsman": 1
              },
              "batsman": "R McLaren"
            }
          },
          {
            "18.5": {
              "non_striker": "R McLaren",
              "bowler": "L Balaji",
              "runs": {
                "extras": 0,
                "total": 6,
                "batsman": 6
              },
              "batsman": "DJ Bravo"
            }
          },
          {
            "18.6": {
              "non_striker": "R McLaren",
              "bowler": "L Balaji",
              "runs": {
                "extras": 0,
                "total": 1,
                "batsman": 1
              },
              "batsman": "DJ Bravo"
            }
          }
        ]
      }
    }
  ]
}